angle_deg,angle_folder,mass_g,pretension_N,file,file_path,velocity_mps,peak_accel_mps2,dt_s
45.0,45 deg soliton data,140.0,1.3734000000000002,140g_20260519-211722.h5,soliton experiments\soliton exp 5_13\45 deg soliton data\140g_20260519-211722.h5,83.94833948339482,330.056055399941,2e-07
45.0,45 deg soliton data,140.0,1.3734000000000002,140g_20260519-211732.h5,soliton experiments\soliton exp 5_13\45 deg soliton data\140g_20260519-211732.h5,81.90292510446801,260.03845277649685,2e-07
45.0,45 deg soliton data,140.0,1.3734000000000002,140g_20260519-211737.h5,soliton experiments\soliton exp 5_13\45 deg soliton data\140g_20260519-211737.h5,83.8157894736842,318.3976886814729,2e-07
45.0,45 deg soliton data,140.0,1.3734000000000002,140g_20260519-211742.h5,soliton experiments\soliton exp 5_13\45 deg soliton data\140g_20260519-211742.h5,82.25192071792884,226.98654668970266,2e-07
45.0,45 deg soliton data,140.0,1.3734000000000002,140g_20260519-211745.h5,soliton experiments\soliton exp 5_13\45 deg soliton data\140g_20260519-211745.h5,82.87795992714025,279.2500457494829,2e-07
45.0,45 deg soliton data,140.0,1.3734000000000002,140g_20260519-211750.h5,soliton experiments\soliton exp 5_13\45 deg soliton data\140g_20260519-211750.h5,83.4424941053183,281.3131930443759,2e-07
45.0,45 deg soliton data,140.0,1.3734000000000002,140g_20260519-211754.h5,soliton experiments\soliton exp 5_13\45 deg soliton data\140g_20260519-211754.h5,83.36605156393142,281.4936115775957,2e-07
45.0,45 deg soliton data,140.0,1.3734000000000002,140g_20260519-211757.h5,soliton experiments\soliton exp 5_13\45 deg soliton data\140g_20260519-211757.h5,83.05084745762711,276.4073422174262,2e-07
45.0,45 deg soliton data,140.0,1.3734000000000002,140g_20260519-211804.h5,soliton experiments\soliton exp 5_13\45 deg soliton data\140g_20260519-211804.h5,83.42610176150873,275.3428056079914,2e-07
45.0,45 deg soliton data,140.0,1.3734000000000002,140g_20260519-211811.h5,soliton experiments\soliton exp 5_13\45 deg soliton data\140g_20260519-211811.h5,83.83785206633324,336.8603512940403,2e-07
45.0,45 deg soliton data,140.0,1.3734000000000002,140g_20260519-211815.h5,soliton experiments\soliton exp 5_13\45 deg soliton data\140g_20260519-211815.h5,84.22026839426191,320.9194597454894,2e-07
45.0,45 deg soliton data,140.0,1.3734000000000002,140g_20260519-211819.h5,soliton experiments\soliton exp 5_13\45 deg soliton data\140g_20260519-211819.h5,84.27598068399814,340.46007428763335,2e-07
45.0,45 deg soliton data,200.0,1.9620000000000002,200g_20260519-212036.h5,soliton experiments\soliton exp 5_13\45 deg soliton data\200g_20260519-212036.h5,91.8330570172277,304.12524282348926,2e-07
45.0,45 deg soliton data,200.0,1.9620000000000002,200g_20260519-212040.h5,soliton experiments\soliton exp 5_13\45 deg soliton data\200g_20260519-212040.h5,83.74416617366725,316.8956114301719,2e-07
45.0,45 deg soliton data,200.0,1.9620000000000002,200g_20260519-212044.h5,soliton experiments\soliton exp 5_13\45 deg soliton data\200g_20260519-212044.h5,84.33734939759036,319.0808175362112,2e-07
45.0,45 deg soliton data,200.0,1.9620000000000002,200g_20260519-212048.h5,soliton experiments\soliton exp 5_13\45 deg soliton data\200g_20260519-212048.h5,84.48836129716824,263.5072874301665,2e-07
45.0,45 deg soliton data,200.0,1.9620000000000002,200g_20260519-212051.h5,soliton experiments\soliton exp 5_13\45 deg soliton data\200g_20260519-212051.h5,83.9041095890411,315.6314508697324,2e-07
45.0,45 deg soliton data,200.0,1.9620000000000002,200g_20260519-212053.h5,soliton experiments\soliton exp 5_13\45 deg soliton data\200g_20260519-212053.h5,83.49718180626556,299.20407503771116,2e-07
45.0,45 deg soliton data,200.0,1.9620000000000002,200g_20260519-212056.h5,soliton experiments\soliton exp 5_13\45 deg soliton data\200g_20260519-212056.h5,84.3261848027535,305.8075542653335,2e-07
45.0,45 deg soliton data,200.0,1.9620000000000002,200g_20260519-212059.h5,soliton experiments\soliton exp 5_13\45 deg soliton data\200g_20260519-212059.h5,83.89858412907475,294.8056547680499,2e-07
45.0,45 deg soliton data,200.0,1.9620000000000002,200g_20260519-212102.h5,soliton experiments\soliton exp 5_13\45 deg soliton data\200g_20260519-212102.h5,83.63970588235293,293.4812695994687,2e-07
45.0,45 deg soliton data,200.0,1.9620000000000002,200g_20260519-212105.h5,soliton experiments\soliton exp 5_13\45 deg soliton data\200g_20260519-212105.h5,84.03693931398416,300.78450005667526,2e-07
45.0,45 deg soliton data,200.0,1.9620000000000002,200g_20260519-212110.h5,soliton experiments\soliton exp 5_13\45 deg soliton data\200g_20260519-212110.h5,84.71307932708292,329.7734353785864,2e-07
45.0,45 deg soliton data,80.0,0.7848,80g_20260513-180346.h5,soliton experiments\soliton exp 5_13\45 deg soliton data\80g_20260513-180346.h5,85.30869157626891,480.1830835018615,2e-07
45.0,45 deg soliton data,80.0,0.7848,80g_20260513-180350.h5,soliton experiments\soliton exp 5_13\45 deg soliton data\80g_20260513-180350.h5,84.08130939809925,416.20807556062135,2e-07
45.0,45 deg soliton data,80.0,0.7848,80g_20260513-180353.h5,soliton experiments\soliton exp 5_13\45 deg soliton data\80g_20260513-180353.h5,83.92621870882739,400.7016590155589,2e-07
45.0,45 deg soliton data,80.0,0.7848,80g_20260513-180356.h5,soliton experiments\soliton exp 5_13\45 deg soliton data\80g_20260513-180356.h5,84.52199296755788,374.79604135593377,2e-07
45.0,45 deg soliton data,80.0,0.7848,80g_20260513-180359.h5,soliton experiments\soliton exp 5_13\45 deg soliton data\80g_20260513-180359.h5,83.95387149917627,366.3699911441529,2e-07
45.0,45 deg soliton data,80.0,0.7848,80g_20260513-180402.h5,soliton experiments\soliton exp 5_13\45 deg soliton data\80g_20260513-180402.h5,84.10351201478743,371.76841056114876,2e-07
45.0,45 deg soliton data,80.0,0.7848,80g_20260513-180404.h5,soliton experiments\soliton exp 5_13\45 deg soliton data\80g_20260513-180404.h5,84.19800409754808,432.98234675117146,2e-07
45.0,45 deg soliton data,80.0,0.7848,80g_20260513-180407.h5,soliton experiments\soliton exp 5_13\45 deg soliton data\80g_20260513-180407.h5,83.71115053551482,436.98153654431263,2e-07
45.0,45 deg soliton data,80.0,0.7848,80g_20260513-180410.h5,soliton experiments\soliton exp 5_13\45 deg soliton data\80g_20260513-180410.h5,84.83153549074443,454.17360723637705,2e-07
45.0,45 deg soliton data,80.0,0.7848,80g_20260513-180413.h5,soliton experiments\soliton exp 5_13\45 deg soliton data\80g_20260513-180413.h5,84.6286701208981,445.5300019164057,2e-07
60.0,60 deg soliton data,140.0,1.3734000000000002,140g_20260519-211518.h5,soliton experiments\soliton exp 5_13\60 deg soliton data\140g_20260519-211518.h5,94.00132811923558,571.6485622775232,2e-07
60.0,60 deg soliton data,140.0,1.3734000000000002,140g_20260519-211526.h5,soliton experiments\soliton exp 5_13\60 deg soliton data\140g_20260519-211526.h5,92.76924197189251,551.8882715447425,2e-07
60.0,60 deg soliton data,140.0,1.3734000000000002,140g_20260519-211530.h5,soliton experiments\soliton exp 5_13\60 deg soliton data\140g_20260519-211530.h5,88.78667502961878,542.7605809359382,2e-07
60.0,60 deg soliton data,140.0,1.3734000000000002,140g_20260519-211533.h5,soliton experiments\soliton exp 5_13\60 deg soliton data\140g_20260519-211533.h5,87.1111111111111,521.4293489876294,2e-07
60.0,60 deg soliton data,140.0,1.3734000000000002,140g_20260519-211536.h5,soliton experiments\soliton exp 5_13\60 deg soliton data\140g_20260519-211536.h5,86.19756427604871,489.2067206754729,2e-07
60.0,60 deg soliton data,140.0,1.3734000000000002,140g_20260519-211540.h5,soliton experiments\soliton exp 5_13\60 deg soliton data\140g_20260519-211540.h5,86.17424242424242,513.3442044170821,2e-07
60.0,60 deg soliton data,140.0,1.3734000000000002,140g_20260519-211544.h5,soliton experiments\soliton exp 5_13\60 deg soliton data\140g_20260519-211544.h5,87.30213115877474,550.0112794453131,2e-07
60.0,60 deg soliton data,140.0,1.3734000000000002,140g_20260519-211548.h5,soliton experiments\soliton exp 5_13\60 deg soliton data\140g_20260519-211548.h5,86.73156783988017,538.3225067232584,2e-07
60.0,60 deg soliton data,140.0,1.3734000000000002,140g_20260519-211552.h5,soliton experiments\soliton exp 5_13\60 deg soliton data\140g_20260519-211552.h5,85.17181441369166,398.1409322766239,2e-07
60.0,60 deg soliton data,140.0,1.3734000000000002,140g_20260519-211556.h5,soliton experiments\soliton exp 5_13\60 deg soliton data\140g_20260519-211556.h5,86.24424587056593,510.12961890001577,2e-07
60.0,60 deg soliton data,140.0,1.3734000000000002,140g_20260519-211559.h5,soliton experiments\soliton exp 5_13\60 deg soliton data\140g_20260519-211559.h5,85.75082452715891,458.04482461724376,2e-07
60.0,60 deg soliton data,140.0,1.3734000000000002,140g_20260519-211601.h5,soliton experiments\soliton exp 5_13\60 deg soliton data\140g_20260519-211601.h5,85.61827956989247,433.10252158426357,2e-07
60.0,60 deg soliton data,200.0,1.9620000000000002,200g_20260519-212243.h5,soliton experiments\soliton exp 5_13\60 deg soliton data\200g_20260519-212243.h5,86.48428484149072,554.5179161467238,2e-07
60.0,60 deg soliton data,200.0,1.9620000000000002,200g_20260519-212246.h5,soliton experiments\soliton exp 5_13\60 deg soliton data\200g_20260519-212246.h5,84.92201039861351,419.8448933384221,2e-07
60.0,60 deg soliton data,200.0,1.9620000000000002,200g_20260519-212249.h5,soliton experiments\soliton exp 5_13\60 deg soliton data\200g_20260519-212249.h5,86.7197603975223,445.50868445011815,2e-07
60.0,60 deg soliton data,200.0,1.9620000000000002,200g_20260519-212252.h5,soliton experiments\soliton exp 5_13\60 deg soliton data\200g_20260519-212252.h5,87.89237668161435,531.5125805759199,2e-07
60.0,60 deg soliton data,200.0,1.9620000000000002,200g_20260519-212254.h5,soliton experiments\soliton exp 5_13\60 deg soliton data\200g_20260519-212254.h5,87.91663791318749,544.2156835334912,2e-07
60.0,60 deg soliton data,200.0,1.9620000000000002,200g_20260519-212257.h5,soliton experiments\soliton exp 5_13\60 deg soliton data\200g_20260519-212257.h5,92.61413201512066,534.0229913232553,2e-07
60.0,60 deg soliton data,200.0,1.9620000000000002,200g_20260519-212300.h5,soliton experiments\soliton exp 5_13\60 deg soliton data\200g_20260519-212300.h5,88.10511756569846,556.4589439660832,2e-07
60.0,60 deg soliton data,200.0,1.9620000000000002,200g_20260519-212302.h5,soliton experiments\soliton exp 5_13\60 deg soliton data\200g_20260519-212302.h5,93.01306855515806,596.7524544479405,2e-07
60.0,60 deg soliton data,200.0,1.9620000000000002,200g_20260519-212305.h5,soliton experiments\soliton exp 5_13\60 deg soliton data\200g_20260519-212305.h5,84.9616538846282,354.64861717498275,2e-07
60.0,60 deg soliton data,200.0,1.9620000000000002,200g_20260519-212309.h5,soliton experiments\soliton exp 5_13\60 deg soliton data\200g_20260519-212309.h5,85.72774375883183,531.941663743043,2e-07
60.0,60 deg soliton data,200.0,1.9620000000000002,200g_20260519-212311.h5,soliton experiments\soliton exp 5_13\60 deg soliton data\200g_20260519-212311.h5,87.08729236448151,589.535300833429,2e-07
60.0,60 deg soliton data,80.0,0.7848,80g_20260513-180852.h5,soliton experiments\soliton exp 5_13\60 deg soliton data\80g_20260513-180852.h5,87.22442831712995,750.2501226219013,2e-07
60.0,60 deg soliton data,80.0,0.7848,80g_20260513-180857.h5,soliton experiments\soliton exp 5_13\60 deg soliton data\80g_20260513-180857.h5,86.00553567812057,611.7356413430234,2e-07
60.0,60 deg soliton data,80.0,0.7848,80g_20260513-180901.h5,soliton experiments\soliton exp 5_13\60 deg soliton data\80g_20260513-180901.h5,87.37397983677388,682.2204761817161,2e-07
60.0,60 deg soliton data,80.0,0.7848,80g_20260513-180904.h5,soliton experiments\soliton exp 5_13\60 deg soliton data\80g_20260513-180904.h5,87.72896295276132,716.354803336148,2e-07
60.0,60 deg soliton data,80.0,0.7848,80g_20260513-180908.h5,soliton experiments\soliton exp 5_13\60 deg soliton data\80g_20260513-180908.h5,86.59597607395322,719.7860805944008,2e-07
60.0,60 deg soliton data,80.0,0.7848,80g_20260513-180911.h5,soliton experiments\soliton exp 5_13\60 deg soliton data\80g_20260513-180911.h5,85.6297889501277,644.5868116596349,2e-07
60.0,60 deg soliton data,80.0,0.7848,80g_20260513-180915.h5,soliton experiments\soliton exp 5_13\60 deg soliton data\80g_20260513-180915.h5,86.09271523178808,613.5492265082677,2e-07
60.0,60 deg soliton data,80.0,0.7848,80g_20260513-180918.h5,soliton experiments\soliton exp 5_13\60 deg soliton data\80g_20260513-180918.h5,85.57802109222811,708.1751181916451,2e-07
60.0,60 deg soliton data,80.0,0.7848,80g_20260513-180921.h5,soliton experiments\soliton exp 5_13\60 deg soliton data\80g_20260513-180921.h5,86.41975308641975,655.8868979831118,2e-07
60.0,60 deg soliton data,80.0,0.7848,80g_20260513-180924.h5,soliton experiments\soliton exp 5_13\60 deg soliton data\80g_20260513-180924.h5,85.01835168501835,594.8270884467338,2e-07
60.0,60 deg soliton data,80.0,0.7848,80g_20260513-180927.h5,soliton experiments\soliton exp 5_13\60 deg soliton data\80g_20260513-180927.h5,85.92432724084439,627.1340479206414,2e-07
90.0,90 deg soliton data,140.0,1.3734000000000002,140g_20260519-211333.h5,soliton experiments\soliton exp 5_13\90 deg soliton data\140g_20260519-211333.h5,93.15589353612167,1010.2899307415782,2e-07
90.0,90 deg soliton data,140.0,1.3734000000000002,140g_20260519-211338.h5,soliton experiments\soliton exp 5_13\90 deg soliton data\140g_20260519-211338.h5,88.0381452560293,1026.799766195626,2e-07
90.0,90 deg soliton data,140.0,1.3734000000000002,140g_20260519-211342.h5,soliton experiments\soliton exp 5_13\90 deg soliton data\140g_20260519-211342.h5,92.97912713472485,1060.612822582674,2e-07
90.0,90 deg soliton data,140.0,1.3734000000000002,140g_20260519-211346.h5,soliton experiments\soliton exp 5_13\90 deg soliton data\140g_20260519-211346.h5,92.87068085726783,1035.7540623880466,2e-07
90.0,90 deg soliton data,140.0,1.3734000000000002,140g_20260519-211350.h5,soliton experiments\soliton exp 5_13\90 deg soliton data\140g_20260519-211350.h5,93.16270566727604,1006.254280549965,2e-07
90.0,90 deg soliton data,140.0,1.3734000000000002,140g_20260519-211354.h5,soliton experiments\soliton exp 5_13\90 deg soliton data\140g_20260519-211354.h5,93.38806626594341,970.681502009052,2e-07
90.0,90 deg soliton data,140.0,1.3734000000000002,140g_20260519-211359.h5,soliton experiments\soliton exp 5_13\90 deg soliton data\140g_20260519-211359.h5,94.97539883703593,1001.9243502101851,2e-07
90.0,90 deg soliton data,140.0,1.3734000000000002,140g_20260519-211403.h5,soliton experiments\soliton exp 5_13\90 deg soliton data\140g_20260519-211403.h5,93.71781668383109,1025.7484948114668,2e-07
90.0,90 deg soliton data,140.0,1.3734000000000002,140g_20260519-211406.h5,soliton experiments\soliton exp 5_13\90 deg soliton data\140g_20260519-211406.h5,94.19593345656192,984.2777092564127,2e-07
90.0,90 deg soliton data,140.0,1.3734000000000002,140g_20260519-211411.h5,soliton experiments\soliton exp 5_13\90 deg soliton data\140g_20260519-211411.h5,93.85590098718137,994.6941833057884,2e-07
90.0,90 deg soliton data,140.0,1.3734000000000002,140g_20260519-211414.h5,soliton experiments\soliton exp 5_13\90 deg soliton data\140g_20260519-211414.h5,93.87664873627587,1028.4311209582856,2e-07
90.0,90 deg soliton data,140.0,1.3734000000000002,140g_20260519-211417.h5,soliton experiments\soliton exp 5_13\90 deg soliton data\140g_20260519-211417.h5,92.25867188065753,1031.29045256515,2e-07
90.0,90 deg soliton data,200.0,1.9620000000000002,200g_20260519-212340.h5,soliton experiments\soliton exp 5_13\90 deg soliton data\200g_20260519-212340.h5,91.58220113579182,891.9496295990913,2e-07
90.0,90 deg soliton data,200.0,1.9620000000000002,200g_20260519-212346.h5,soliton experiments\soliton exp 5_13\90 deg soliton data\200g_20260519-212346.h5,96.24537281861448,882.6887961158445,2e-07
90.0,90 deg soliton data,200.0,1.9620000000000002,200g_20260519-212353.h5,soliton experiments\soliton exp 5_13\90 deg soliton data\200g_20260519-212353.h5,95.82549830763445,833.3041074912245,2e-07
90.0,90 deg soliton data,200.0,1.9620000000000002,200g_20260519-212356.h5,soliton experiments\soliton exp 5_13\90 deg soliton data\200g_20260519-212356.h5,93.12865497076024,881.5103296966569,2e-07
90.0,90 deg soliton data,200.0,1.9620000000000002,200g_20260519-212400.h5,soliton experiments\soliton exp 5_13\90 deg soliton data\200g_20260519-212400.h5,94.20289855072463,912.6560174986504,2e-07
90.0,90 deg soliton data,200.0,1.9620000000000002,200g_20260519-212403.h5,soliton experiments\soliton exp 5_13\90 deg soliton data\200g_20260519-212403.h5,94.32146294513954,819.0289448653856,2e-07
90.0,90 deg soliton data,200.0,1.9620000000000002,200g_20260519-212407.h5,soliton experiments\soliton exp 5_13\90 deg soliton data\200g_20260519-212407.h5,96.36184857423795,852.502605351264,2e-07
90.0,90 deg soliton data,200.0,1.9620000000000002,200g_20260519-212410.h5,soliton experiments\soliton exp 5_13\90 deg soliton data\200g_20260519-212410.h5,92.67476540336072,893.1825870785486,2e-07
90.0,90 deg soliton data,200.0,1.9620000000000002,200g_20260519-212413.h5,soliton experiments\soliton exp 5_13\90 deg soliton data\200g_20260519-212413.h5,94.34241706161137,845.5884071039521,2e-07
90.0,90 deg soliton data,200.0,1.9620000000000002,200g_20260519-212416.h5,soliton experiments\soliton exp 5_13\90 deg soliton data\200g_20260519-212416.h5,94.60161877181257,865.3589620713826,2e-07
90.0,90 deg soliton data,200.0,1.9620000000000002,200g_20260519-212418.h5,soliton experiments\soliton exp 5_13\90 deg soliton data\200g_20260519-212418.h5,96.24537281861448,855.409856194253,2e-07
90.0,90 deg soliton data,200.0,1.9620000000000002,200g_20260519-212421.h5,soliton experiments\soliton exp 5_13\90 deg soliton data\200g_20260519-212421.h5,94.87637771820077,905.4892391452856,2e-07
90.0,90 deg soliton data,80.0,0.7848,80g_20260513-181034.h5,soliton experiments\soliton exp 5_13\90 deg soliton data\80g_20260513-181034.h5,87.36199684564218,1094.7619356164998,2e-07
90.0,90 deg soliton data,80.0,0.7848,80g_20260513-181041.h5,soliton experiments\soliton exp 5_13\90 deg soliton data\80g_20260513-181041.h5,89.10960341330349,1170.5491987797336,2e-07
90.0,90 deg soliton data,80.0,0.7848,80g_20260513-181044.h5,soliton experiments\soliton exp 5_13\90 deg soliton data\80g_20260513-181044.h5,91.11063434170063,1103.5934084114958,2e-07
90.0,90 deg soliton data,80.0,0.7848,80g_20260513-181048.h5,soliton experiments\soliton exp 5_13\90 deg soliton data\80g_20260513-181048.h5,88.07466297960595,1171.6052508967953,2e-07
90.0,90 deg soliton data,80.0,0.7848,80g_20260513-181050.h5,soliton experiments\soliton exp 5_13\90 deg soliton data\80g_20260513-181050.h5,89.17821643567129,1186.0656903993975,2e-07
90.0,90 deg soliton data,80.0,0.7848,80g_20260513-181054.h5,soliton experiments\soliton exp 5_13\90 deg soliton data\80g_20260513-181054.h5,90.5601364799545,1082.16374002658,2e-07
90.0,90 deg soliton data,80.0,0.7848,80g_20260513-181056.h5,soliton experiments\soliton exp 5_13\90 deg soliton data\80g_20260513-181056.h5,89.77520963991262,1169.858475797534,2e-07
90.0,90 deg soliton data,80.0,0.7848,80g_20260513-181059.h5,soliton experiments\soliton exp 5_13\90 deg soliton data\80g_20260513-181059.h5,89.96539792387543,1044.2796424397964,2e-07
90.0,90 deg soliton data,80.0,0.7848,80g_20260513-181102.h5,soliton experiments\soliton exp 5_13\90 deg soliton data\80g_20260513-181102.h5,89.51029298110025,1156.9931903038157,2e-07
90.0,90 deg soliton data,80.0,0.7848,80g_20260513-181105.h5,soliton experiments\soliton exp 5_13\90 deg soliton data\80g_20260513-181105.h5,89.05976931142956,1127.1645750207178,2e-07
105.0,105 deg soliton data,140.0,1.3734000000000002,140g_20260519-211201.h5,soliton experiments\soliton exp 5_13\105 deg soliton data\140g_20260519-211201.h5,95.9481849676156,1268.648338985738,2e-07
105.0,105 deg soliton data,140.0,1.3734000000000002,140g_20260519-211205.h5,soliton experiments\soliton exp 5_13\105 deg soliton data\140g_20260519-211205.h5,94.09158050221565,1289.7562975628393,2e-07
105.0,105 deg soliton data,140.0,1.3734000000000002,140g_20260519-211209.h5,soliton experiments\soliton exp 5_13\105 deg soliton data\140g_20260519-211209.h5,94.44732745199792,1278.0531808220992,2e-07
105.0,105 deg soliton data,140.0,1.3734000000000002,140g_20260519-211213.h5,soliton experiments\soliton exp 5_13\105 deg soliton data\140g_20260519-211213.h5,94.54545454545453,1238.9652395421651,2e-07
105.0,105 deg soliton data,140.0,1.3734000000000002,140g_20260519-211216.h5,soliton experiments\soliton exp 5_13\105 deg soliton data\140g_20260519-211216.h5,94.87637771820077,1289.3543930380672,2e-07
105.0,105 deg soliton data,140.0,1.3734000000000002,140g_20260519-211219.h5,soliton experiments\soliton exp 5_13\105 deg soliton data\140g_20260519-211219.h5,94.92586245436256,1271.9401985172192,2e-07
105.0,105 deg soliton data,140.0,1.3734000000000002,140g_20260519-211223.h5,soliton experiments\soliton exp 5_13\105 deg soliton data\140g_20260519-211223.h5,93.16270566727604,1190.651234130908,2e-07
105.0,105 deg soliton data,140.0,1.3734000000000002,140g_20260519-211226.h5,soliton experiments\soliton exp 5_13\105 deg soliton data\140g_20260519-211226.h5,93.90432667502026,1278.049629250082,2e-07
105.0,105 deg soliton data,140.0,1.3734000000000002,140g_20260519-211229.h5,soliton experiments\soliton exp 5_13\105 deg soliton data\140g_20260519-211229.h5,92.87745133775606,1287.8411091045093,2e-07
105.0,105 deg soliton data,140.0,1.3734000000000002,140g_20260519-211232.h5,soliton experiments\soliton exp 5_13\105 deg soliton data\140g_20260519-211232.h5,93.67647058823529,1284.0959035278574,2e-07
105.0,105 deg soliton data,200.0,1.9620000000000002,200g_20260519-212508.h5,soliton experiments\soliton exp 5_13\105 deg soliton data\200g_20260519-212508.h5,97.20738593010834,1162.3991470012677,2e-07
105.0,105 deg soliton data,200.0,1.9620000000000002,200g_20260519-212510.h5,soliton experiments\soliton exp 5_13\105 deg soliton data\200g_20260519-212510.h5,94.30051813471502,1130.404222251705,2e-07
105.0,105 deg soliton data,200.0,1.9620000000000002,200g_20260519-212513.h5,soliton experiments\soliton exp 5_13\105 deg soliton data\200g_20260519-212513.h5,93.86281588447653,1159.1496638462916,2e-07
105.0,105 deg soliton data,200.0,1.9620000000000002,200g_20260519-212516.h5,soliton experiments\soliton exp 5_13\105 deg soliton data\200g_20260519-212516.h5,94.33543132173268,1158.3040377020843,2e-07
105.0,105 deg soliton data,200.0,1.9620000000000002,200g_20260519-212519.h5,soliton experiments\soliton exp 5_13\105 deg soliton data\200g_20260519-212519.h5,94.50337512054001,1171.8127697440525,2e-07
105.0,105 deg soliton data,200.0,1.9620000000000002,200g_20260519-212523.h5,soliton experiments\soliton exp 5_13\105 deg soliton data\200g_20260519-212523.h5,94.11938534278958,1155.311571754655,2e-07
105.0,105 deg soliton data,200.0,1.9620000000000002,200g_20260519-212526.h5,soliton experiments\soliton exp 5_13\105 deg soliton data\200g_20260519-212526.h5,94.18896939228152,1159.3422861188442,2e-07
105.0,105 deg soliton data,200.0,1.9620000000000002,200g_20260519-212530.h5,soliton experiments\soliton exp 5_13\105 deg soliton data\200g_20260519-212530.h5,97.66193944039861,1089.1168178818748,2e-07
105.0,105 deg soliton data,200.0,1.9620000000000002,200g_20260519-212533.h5,soliton experiments\soliton exp 5_13\105 deg soliton data\200g_20260519-212533.h5,97.88705339992316,1132.110265478473,2e-07
105.0,105 deg soliton data,200.0,1.9620000000000002,200g_20260519-212535.h5,soliton experiments\soliton exp 5_13\105 deg soliton data\200g_20260519-212535.h5,97.54977029096477,1114.2924075688209,2e-07
105.0,105 deg soliton data,200.0,1.9620000000000002,200g_20260519-212538.h5,soliton experiments\soliton exp 5_13\105 deg soliton data\200g_20260519-212538.h5,94.62269756387403,1195.5817850904448,2e-07
105.0,105 deg soliton data,80.0,0.7848,80g_20260513-181724.h5,soliton experiments\soliton exp 5_13\105 deg soliton data\80g_20260513-181724.h5,93.83516240701185,1146.7363365808,2e-07
105.0,105 deg soliton data,80.0,0.7848,80g_20260513-181742.h5,soliton experiments\soliton exp 5_13\105 deg soliton data\80g_20260513-181742.h5,94.47534297367446,1278.8968861697688,2e-07
105.0,105 deg soliton data,80.0,0.7848,80g_20260513-181745.h5,soliton experiments\soliton exp 5_13\105 deg soliton data\80g_20260513-181745.h5,93.67647058823529,1272.7821260749176,2e-07
105.0,105 deg soliton data,80.0,0.7848,80g_20260513-181747.h5,soliton experiments\soliton exp 5_13\105 deg soliton data\80g_20260513-181747.h5,93.01306855515806,1279.7026409246405,2e-07
105.0,105 deg soliton data,80.0,0.7848,80g_20260513-181750.h5,soliton experiments\soliton exp 5_13\105 deg soliton data\80g_20260513-181750.h5,91.25420815127856,1111.8795687321685,2e-07
105.0,105 deg soliton data,80.0,0.7848,80g_20260513-181753.h5,soliton experiments\soliton exp 5_13\105 deg soliton data\80g_20260513-181753.h5,92.54685456922853,1325.0586161853357,2e-07
105.0,105 deg soliton data,80.0,0.7848,80g_20260513-181755.h5,soliton experiments\soliton exp 5_13\105 deg soliton data\80g_20260513-181755.h5,93.09462915601023,1200.3571733967008,2e-07
105.0,105 deg soliton data,80.0,0.7848,80g_20260513-181757.h5,soliton experiments\soliton exp 5_13\105 deg soliton data\80g_20260513-181757.h5,91.62171880618482,1222.6079382842322,2e-07
105.0,105 deg soliton data,80.0,0.7848,80g_20260513-181759.h5,soliton experiments\soliton exp 5_13\105 deg soliton data\80g_20260513-181759.h5,91.24767225325884,1141.937757454438,2e-07
105.0,105 deg soliton data,80.0,0.7848,80g_20260513-181802.h5,soliton experiments\soliton exp 5_13\105 deg soliton data\80g_20260513-181802.h5,91.13670505758638,1123.596737534418,2e-07
120.0,120 deg soliton data,140.0,1.3734000000000002,140g_20260519-211001.h5,soliton experiments\soliton exp 5_13\120 deg soliton data\140g_20260519-211001.h5,92.07863544376987,1631.2499366798118,2e-07
120.0,120 deg soliton data,140.0,1.3734000000000002,140g_20260519-211006.h5,soliton experiments\soliton exp 5_13\120 deg soliton data\140g_20260519-211006.h5,93.03344530451291,1473.1814219751152,2e-07
120.0,120 deg soliton data,140.0,1.3734000000000002,140g_20260519-211010.h5,soliton experiments\soliton exp 5_13\120 deg soliton data\140g_20260519-211010.h5,93.573264781491,1458.8758003324126,2e-07
120.0,120 deg soliton data,140.0,1.3734000000000002,140g_20260519-211013.h5,soliton experiments\soliton exp 5_13\120 deg soliton data\140g_20260519-211013.h5,91.48355593853223,1547.6455656405938,2e-07
120.0,120 deg soliton data,140.0,1.3734000000000002,140g_20260519-211017.h5,soliton experiments\soliton exp 5_13\120 deg soliton data\140g_20260519-211017.h5,92.49310294758239,1487.183107088095,2e-07
120.0,120 deg soliton data,140.0,1.3734000000000002,140g_20260519-211020.h5,soliton experiments\soliton exp 5_13\120 deg soliton data\140g_20260519-211020.h5,90.52796134441837,1508.7381911215,2e-07
120.0,120 deg soliton data,140.0,1.3734000000000002,140g_20260519-211023.h5,soliton experiments\soliton exp 5_13\120 deg soliton data\140g_20260519-211023.h5,90.29057406094968,1463.3865161531314,2e-07
120.0,120 deg soliton data,140.0,1.3734000000000002,140g_20260519-211026.h5,soliton experiments\soliton exp 5_13\120 deg soliton data\140g_20260519-211026.h5,88.85479146324452,1588.9260796158594,2e-07
120.0,120 deg soliton data,140.0,1.3734000000000002,140g_20260519-211029.h5,soliton experiments\soliton exp 5_13\120 deg soliton data\140g_20260519-211029.h5,94.9683190458442,1511.8829820601763,2e-07
120.0,120 deg soliton data,140.0,1.3734000000000002,140g_20260519-211033.h5,soliton experiments\soliton exp 5_13\120 deg soliton data\140g_20260519-211033.h5,93.87664873627587,1524.7372169481607,2e-07
120.0,120 deg soliton data,200.0,1.9620000000000002,200g_20260519-212824.h5,soliton experiments\soliton exp 5_13\120 deg soliton data\200g_20260519-212824.h5,96.19450317124735,1446.91552319663,2e-07
120.0,120 deg soliton data,200.0,1.9620000000000002,200g_20260519-212827.h5,soliton experiments\soliton exp 5_13\120 deg soliton data\200g_20260519-212827.h5,95.89041095890411,1408.0269779762466,2e-07
120.0,120 deg soliton data,200.0,1.9620000000000002,200g_20260519-212830.h5,soliton experiments\soliton exp 5_13\120 deg soliton data\200g_20260519-212830.h5,95.60975609756098,1402.1503641633171,2e-07
120.0,120 deg soliton data,200.0,1.9620000000000002,200g_20260519-212833.h5,soliton experiments\soliton exp 5_13\120 deg soliton data\200g_20260519-212833.h5,95.66719231058046,1441.9325449909318,2e-07
120.0,120 deg soliton data,200.0,1.9620000000000002,200g_20260519-212836.h5,soliton experiments\soliton exp 5_13\120 deg soliton data\200g_20260519-212836.h5,95.703125,1377.8529418664893,2e-07
120.0,120 deg soliton data,200.0,1.9620000000000002,200g_20260519-212838.h5,soliton experiments\soliton exp 5_13\120 deg soliton data\200g_20260519-212838.h5,95.00372856077553,1427.7494350783163,2e-07
120.0,120 deg soliton data,200.0,1.9620000000000002,200g_20260519-212841.h5,soliton experiments\soliton exp 5_13\120 deg soliton data\200g_20260519-212841.h5,92.86391136380202,1449.7949974215633,2e-07
120.0,120 deg soliton data,200.0,1.9620000000000002,200g_20260519-212843.h5,soliton experiments\soliton exp 5_13\120 deg soliton data\200g_20260519-212843.h5,89.6741043147744,1431.648603824467,2e-07
120.0,120 deg soliton data,200.0,1.9620000000000002,200g_20260519-212846.h5,soliton experiments\soliton exp 5_13\120 deg soliton data\200g_20260519-212846.h5,91.3065290618505,1476.9110555234743,2e-07
120.0,120 deg soliton data,200.0,1.9620000000000002,200g_20260519-212849.h5,soliton experiments\soliton exp 5_13\120 deg soliton data\200g_20260519-212849.h5,94.55948934906851,1429.0559629386407,2e-07
120.0,120 deg soliton data,200.0,1.9620000000000002,200g_20260519-212852.h5,soliton experiments\soliton exp 5_13\120 deg soliton data\200g_20260519-212852.h5,94.2795826241397,1371.3932478066667,2e-07
120.0,120 deg soliton data,200.0,1.9620000000000002,200g_20260519-212900.h5,soliton experiments\soliton exp 5_13\120 deg soliton data\200g_20260519-212900.h5,93.55265090321632,1515.8410740567492,2e-07
120.0,120 deg soliton data,80.0,0.7848,80g_20260513-181249.h5,soliton experiments\soliton exp 5_13\120 deg soliton data\80g_20260513-181249.h5,92.08529092880374,1498.8962815364753,2e-07
120.0,120 deg soliton data,80.0,0.7848,80g_20260513-181252.h5,soliton experiments\soliton exp 5_13\120 deg soliton data\80g_20260513-181252.h5,93.8489871086556,1506.7926337839665,2e-07
120.0,120 deg soliton data,80.0,0.7848,80g_20260513-181257.h5,soliton experiments\soliton exp 5_13\120 deg soliton data\80g_20260513-181257.h5,91.66786587998273,1323.209657757289,2e-07
120.0,120 deg soliton data,80.0,0.7848,80g_20260513-181300.h5,soliton experiments\soliton exp 5_13\120 deg soliton data\80g_20260513-181300.h5,91.73387096774194,1576.4116961638867,2e-07
120.0,120 deg soliton data,80.0,0.7848,80g_20260513-181304.h5,soliton experiments\soliton exp 5_13\120 deg soliton data\80g_20260513-181304.h5,93.6971390747959,1555.105958329072,2e-07
120.0,120 deg soliton data,80.0,0.7848,80g_20260513-181308.h5,soliton experiments\soliton exp 5_13\120 deg soliton data\80g_20260513-181308.h5,93.62139917695472,1570.5182259933697,2e-07
120.0,120 deg soliton data,80.0,0.7848,80g_20260513-181313.h5,soliton experiments\soliton exp 5_13\120 deg soliton data\80g_20260513-181313.h5,92.22527870276531,1447.2978902712352,2e-07
120.0,120 deg soliton data,80.0,0.7848,80g_20260513-181319.h5,soliton experiments\soliton exp 5_13\120 deg soliton data\80g_20260513-181319.h5,92.36569274269556,1565.3746556439676,2e-07
120.0,120 deg soliton data,80.0,0.7848,80g_20260513-181322.h5,soliton experiments\soliton exp 5_13\120 deg soliton data\80g_20260513-181322.h5,93.21723860393648,1473.2621705827416,2e-07
120.0,120 deg soliton data,80.0,0.7848,80g_20260513-181326.h5,soliton experiments\soliton exp 5_13\120 deg soliton data\80g_20260513-181326.h5,94.8975791433892,1518.8147765877536,2e-07
120.0,120 deg soliton data,80.0,0.7848,80g_20260513-181328.h5,soliton experiments\soliton exp 5_13\120 deg soliton data\80g_20260513-181328.h5,91.80658643799092,1492.4829854244863,2e-07
135.0,135 deg soliton data,140.0,1.3734000000000002,140g_20260519-210540.h5,soliton experiments\soliton exp 5_13\135 deg soliton data\140g_20260519-210540.h5,92.03207397240482,1625.014403299513,2e-07
135.0,135 deg soliton data,140.0,1.3734000000000002,140g_20260519-210549.h5,soliton experiments\soliton exp 5_13\135 deg soliton data\140g_20260519-210549.h5,91.92582437405295,1562.4207603391876,2e-07
135.0,135 deg soliton data,140.0,1.3734000000000002,140g_20260519-210553.h5,soliton experiments\soliton exp 5_13\135 deg soliton data\140g_20260519-210553.h5,92.93165074038951,1606.6639124286735,2e-07
135.0,135 deg soliton data,140.0,1.3734000000000002,140g_20260519-210556.h5,soliton experiments\soliton exp 5_13\135 deg soliton data\140g_20260519-210556.h5,91.8396770472895,1517.2187007396867,2e-07
135.0,135 deg soliton data,140.0,1.3734000000000002,140g_20260519-210600.h5,soliton experiments\soliton exp 5_13\135 deg soliton data\140g_20260519-210600.h5,92.75573352748452,1683.3961195353506,2e-07
135.0,135 deg soliton data,140.0,1.3734000000000002,140g_20260519-210603.h5,soliton experiments\soliton exp 5_13\135 deg soliton data\140g_20260519-210603.h5,92.03872272792948,1536.6898940202043,2e-07
135.0,135 deg soliton data,140.0,1.3734000000000002,140g_20260519-210606.h5,soliton experiments\soliton exp 5_13\135 deg soliton data\140g_20260519-210606.h5,91.88604399567255,1621.5260687070534,2e-07
135.0,135 deg soliton data,140.0,1.3734000000000002,140g_20260519-210609.h5,soliton experiments\soliton exp 5_13\135 deg soliton data\140g_20260519-210609.h5,90.74074074074073,1644.829879460054,2e-07
135.0,135 deg soliton data,140.0,1.3734000000000002,140g_20260519-210613.h5,soliton experiments\soliton exp 5_13\135 deg soliton data\140g_20260519-210613.h5,91.6810592976396,1496.6340673536176,2e-07
135.0,135 deg soliton data,140.0,1.3734000000000002,140g_20260519-210616.h5,soliton experiments\soliton exp 5_13\135 deg soliton data\140g_20260519-210616.h5,92.10526315789473,1720.3112654270235,2e-07
135.0,135 deg soliton data,140.0,1.3734000000000002,140g_20260519-210619.h5,soliton experiments\soliton exp 5_13\135 deg soliton data\140g_20260519-210619.h5,90.6955221755535,1598.9252586943269,2e-07
135.0,135 deg soliton data,140.0,1.3734000000000002,140g_20260519-210622.h5,soliton experiments\soliton exp 5_13\135 deg soliton data\140g_20260519-210622.h5,92.61413201512066,1574.1175890048692,2e-07
135.0,135 deg soliton data,140.0,1.3734000000000002,140g_20260519-210625.h5,soliton experiments\soliton exp 5_13\135 deg soliton data\140g_20260519-210625.h5,91.42447075708647,1692.4621856640356,2e-07
135.0,135 deg soliton data,200.0,1.9620000000000002,200g_20260519-212937.h5,soliton experiments\soliton exp 5_13\135 deg soliton data\200g_20260519-212937.h5,94.64378575143004,1675.0663108303306,2e-07
135.0,135 deg soliton data,200.0,1.9620000000000002,200g_20260519-212941.h5,soliton experiments\soliton exp 5_13\135 deg soliton data\200g_20260519-212941.h5,95.12431867393414,1673.1335649772227,2e-07
135.0,135 deg soliton data,200.0,1.9620000000000002,200g_20260519-212945.h5,soliton experiments\soliton exp 5_13\135 deg soliton data\200g_20260519-212945.h5,94.94708600387538,1652.6623828503036,2e-07
135.0,135 deg soliton data,200.0,1.9620000000000002,200g_20260519-212948.h5,soliton experiments\soliton exp 5_13\135 deg soliton data\200g_20260519-212948.h5,93.25135412091933,1614.2625658275165,2e-07
135.0,135 deg soliton data,200.0,1.9620000000000002,200g_20260519-212952.h5,soliton experiments\soliton exp 5_13\135 deg soliton data\200g_20260519-212952.h5,91.80658643799092,1557.5363435122729,2e-07
135.0,135 deg soliton data,200.0,1.9620000000000002,200g_20260519-212955.h5,soliton experiments\soliton exp 5_13\135 deg soliton data\200g_20260519-212955.h5,92.29877562848655,1570.7397805886555,2e-07
135.0,135 deg soliton data,200.0,1.9620000000000002,200g_20260519-212958.h5,soliton experiments\soliton exp 5_13\135 deg soliton data\200g_20260519-212958.h5,92.14523361782149,1533.5626794450304,2e-07
135.0,135 deg soliton data,200.0,1.9620000000000002,200g_20260519-213000.h5,soliton experiments\soliton exp 5_13\135 deg soliton data\200g_20260519-213000.h5,94.68599033816425,1639.9488922926066,2e-07
135.0,135 deg soliton data,200.0,1.9620000000000002,200g_20260519-213003.h5,soliton experiments\soliton exp 5_13\135 deg soliton data\200g_20260519-213003.h5,95.86155003762227,1575.8320445770796,2e-07
135.0,135 deg soliton data,200.0,1.9620000000000002,200g_20260519-213006.h5,soliton experiments\soliton exp 5_13\135 deg soliton data\200g_20260519-213006.h5,96.20903186829783,1585.2632817748495,2e-07
135.0,135 deg soliton data,80.0,0.7848,80g_20260513-181544.h5,soliton experiments\soliton exp 5_13\135 deg soliton data\80g_20260513-181544.h5,92.38578680203045,1682.018093405901,2e-07
135.0,135 deg soliton data,80.0,0.7848,80g_20260513-181547.h5,soliton experiments\soliton exp 5_13\135 deg soliton data\80g_20260513-181547.h5,94.43332592098434,1651.6770973742637,2e-07
135.0,135 deg soliton data,80.0,0.7848,80g_20260513-181551.h5,soliton experiments\soliton exp 5_13\135 deg soliton data\80g_20260513-181551.h5,94.65081723625556,1654.694369865833,2e-07
135.0,135 deg soliton data,80.0,0.7848,80g_20260513-181558.h5,soliton experiments\soliton exp 5_13\135 deg soliton data\80g_20260513-181558.h5,92.47967479674797,1623.7302933565763,2e-07
135.0,135 deg soliton data,80.0,0.7848,80g_20260513-181601.h5,soliton experiments\soliton exp 5_13\135 deg soliton data\80g_20260513-181601.h5,92.17189986977283,1599.8146904408914,2e-07
135.0,135 deg soliton data,80.0,0.7848,80g_20260513-181605.h5,soliton experiments\soliton exp 5_13\135 deg soliton data\80g_20260513-181605.h5,90.33538963341132,1541.298390102399,2e-07
135.0,135 deg soliton data,80.0,0.7848,80g_20260513-181609.h5,soliton experiments\soliton exp 5_13\135 deg soliton data\80g_20260513-181609.h5,93.99439279917367,1777.664738640704,2e-07
135.0,135 deg soliton data,80.0,0.7848,80g_20260513-181611.h5,soliton experiments\soliton exp 5_13\135 deg soliton data\80g_20260513-181611.h5,92.03872272792948,1768.132112571568,2e-07
135.0,135 deg soliton data,80.0,0.7848,80g_20260513-181615.h5,soliton experiments\soliton exp 5_13\135 deg soliton data\80g_20260513-181615.h5,92.68825027282648,1513.699780239964,2e-07
135.0,135 deg soliton data,80.0,0.7848,80g_20260513-181617.h5,soliton experiments\soliton exp 5_13\135 deg soliton data\80g_20260513-181617.h5,92.81655252804896,1570.8919019293287,2e-07
135.0,135 deg soliton data,80.0,0.7848,80g_20260513-181621.h5,soliton experiments\soliton exp 5_13\135 deg soliton data\80g_20260513-181621.h5,92.25199131064446,1682.505322161553,2e-07
135.0,135 deg soliton data,80.0,0.7848,80g_20260513-181623.h5,soliton experiments\soliton exp 5_13\135 deg soliton data\80g_20260513-181623.h5,92.8909952606635,1650.1338473673534,2e-07
135.0,135 deg soliton data,80.0,0.7848,80g_20260513-181626.h5,soliton experiments\soliton exp 5_13\135 deg soliton data\80g_20260513-181626.h5,93.3264962273826,1649.2207427345293,2e-07
135.0,135 deg soliton data,80.0,0.7848,80g_20260513-181630.h5,soliton experiments\soliton exp 5_13\135 deg soliton data\80g_20260513-181630.h5,92.14523361782149,1720.0207548591159,2e-07
150.0,150 deg soliton data,140.0,1.3734000000000002,140g_20260519-210234.h5,soliton experiments\soliton exp 5_13\150 deg soliton data\140g_20260519-210234.h5,91.09760457633178,1628.7132406532992,2e-07
150.0,150 deg soliton data,140.0,1.3734000000000002,140g_20260519-210327.h5,soliton experiments\soliton exp 5_13\150 deg soliton data\140g_20260519-210327.h5,93.18314803978934,1894.1466483549857,2e-07
150.0,150 deg soliton data,140.0,1.3734000000000002,140g_20260519-210337.h5,soliton experiments\soliton exp 5_13\150 deg soliton data\140g_20260519-210337.h5,92.55357791500181,1627.2342339795641,2e-07
150.0,150 deg soliton data,140.0,1.3734000000000002,140g_20260519-210344.h5,soliton experiments\soliton exp 5_13\150 deg soliton data\140g_20260519-210344.h5,93.39491239645186,1720.1408544264768,2e-07
150.0,150 deg soliton data,140.0,1.3734000000000002,140g_20260519-210354.h5,soliton experiments\soliton exp 5_13\150 deg soliton data\140g_20260519-210354.h5,93.73160682754562,1598.664148447684,2e-07
150.0,150 deg soliton data,140.0,1.3734000000000002,140g_20260519-210358.h5,soliton experiments\soliton exp 5_13\150 deg soliton data\140g_20260519-210358.h5,94.35639164568211,1596.8804293793703,2e-07
150.0,150 deg soliton data,140.0,1.3734000000000002,140g_20260519-210401.h5,soliton experiments\soliton exp 5_13\150 deg soliton data\140g_20260519-210401.h5,93.5389133627019,1655.3399116453882,2e-07
150.0,150 deg soliton data,140.0,1.3734000000000002,140g_20260519-210405.h5,soliton experiments\soliton exp 5_13\150 deg soliton data\140g_20260519-210405.h5,91.85291997116077,1611.0995385182016,2e-07
150.0,150 deg soliton data,140.0,1.3734000000000002,140g_20260519-210409.h5,soliton experiments\soliton exp 5_13\150 deg soliton data\140g_20260519-210409.h5,91.89930029575127,1655.1276771073155,2e-07
150.0,150 deg soliton data,140.0,1.3734000000000002,140g_20260519-210413.h5,soliton experiments\soliton exp 5_13\150 deg soliton data\140g_20260519-210413.h5,92.77599766967666,1813.8088458212872,2e-07
150.0,150 deg soliton data,140.0,1.3734000000000002,140g_20260519-210417.h5,soliton experiments\soliton exp 5_13\150 deg soliton data\140g_20260519-210417.h5,94.35639164568211,1634.623971197081,2e-07
150.0,150 deg soliton data,140.0,1.3734000000000002,140g_20260519-210421.h5,soliton experiments\soliton exp 5_13\150 deg soliton data\140g_20260519-210421.h5,92.50653499854778,1740.9955378706209,2e-07
150.0,150 deg soliton data,140.0,1.3734000000000002,140g_20260519-210425.h5,soliton experiments\soliton exp 5_13\150 deg soliton data\140g_20260519-210425.h5,92.39248676481252,1809.3634602856976,2e-07
150.0,150 deg soliton data,200.0,1.9620000000000002,200g_20260519-213617.h5,soliton experiments\soliton exp 5_13\150 deg soliton data\200g_20260519-213617.h5,95.11721666417799,1836.0262460357067,2e-07
150.0,150 deg soliton data,200.0,1.9620000000000002,200g_20260519-213620.h5,soliton experiments\soliton exp 5_13\150 deg soliton data\200g_20260519-213620.h5,94.5314239073978,1744.151890142801,2e-07
150.0,150 deg soliton data,200.0,1.9620000000000002,200g_20260519-213624.h5,soliton experiments\soliton exp 5_13\150 deg soliton data\200g_20260519-213624.h5,94.9683190458442,1738.9873463662182,2e-07
150.0,150 deg soliton data,200.0,1.9620000000000002,200g_20260519-213627.h5,soliton experiments\soliton exp 5_13\150 deg soliton data\200g_20260519-213627.h5,94.22380001479179,1706.6580783466843,2e-07
150.0,150 deg soliton data,200.0,1.9620000000000002,200g_20260519-213636.h5,soliton experiments\soliton exp 5_13\150 deg soliton data\200g_20260519-213636.h5,93.40175953079178,1676.3819742094786,2e-07
150.0,150 deg soliton data,200.0,1.9620000000000002,200g_20260519-213640.h5,soliton experiments\soliton exp 5_13\150 deg soliton data\200g_20260519-213640.h5,94.84106305367378,1798.0826051400923,2e-07
150.0,150 deg soliton data,200.0,1.9620000000000002,200g_20260519-213644.h5,soliton experiments\soliton exp 5_13\150 deg soliton data\200g_20260519-213644.h5,96.58832448824867,1720.9264706812273,2e-07
150.0,150 deg soliton data,200.0,1.9620000000000002,200g_20260519-213648.h5,soliton experiments\soliton exp 5_13\150 deg soliton data\200g_20260519-213648.h5,94.07768424161867,1617.8205953890654,2e-07
150.0,150 deg soliton data,200.0,1.9620000000000002,200g_20260519-213652.h5,soliton experiments\soliton exp 5_13\150 deg soliton data\200g_20260519-213652.h5,96.36184857423795,1770.8592002878383,2e-07
150.0,150 deg soliton data,200.0,1.9620000000000002,200g_20260519-213654.h5,soliton experiments\soliton exp 5_13\150 deg soliton data\200g_20260519-213654.h5,93.92509584193452,1780.5648173414233,2e-07
150.0,150 deg soliton data,200.0,1.9620000000000002,200g_20260519-213658.h5,soliton experiments\soliton exp 5_13\150 deg soliton data\200g_20260519-213658.h5,89.06599552572706,1761.5544555646864,2e-07
150.0,150 deg soliton data,200.0,1.9620000000000002,200g_20260519-213700.h5,soliton experiments\soliton exp 5_13\150 deg soliton data\200g_20260519-213700.h5,92.46625054434605,1758.0556018359441,2e-07
150.0,150 deg soliton data,200.0,1.9620000000000002,200g_20260519-213703.h5,soliton experiments\soliton exp 5_13\150 deg soliton data\200g_20260519-213703.h5,88.91680625348967,1812.4848545411496,2e-07
150.0,150 deg soliton data,80.0,0.7848,80g_20260519-205730.h5,soliton experiments\soliton exp 5_13\150 deg soliton data\80g_20260519-205730.h5,92.81655252804896,1804.574079135655,2e-07
150.0,150 deg soliton data,80.0,0.7848,80g_20260519-205734.h5,soliton experiments\soliton exp 5_13\150 deg soliton data\80g_20260519-205734.h5,92.34560742244128,1770.3222689332504,2e-07
150.0,150 deg soliton data,80.0,0.7848,80g_20260519-205738.h5,soliton experiments\soliton exp 5_13\150 deg soliton data\80g_20260519-205738.h5,92.74222901652472,1879.2906442906833,2e-07
150.0,150 deg soliton data,80.0,0.7848,80g_20260519-205742.h5,soliton experiments\soliton exp 5_13\150 deg soliton data\80g_20260519-205742.h5,90.45083422080226,1841.1043489427163,2e-07
150.0,150 deg soliton data,80.0,0.7848,80g_20260519-205746.h5,soliton experiments\soliton exp 5_13\150 deg soliton data\80g_20260519-205746.h5,92.07198092071981,1823.3138263863057,2e-07
150.0,150 deg soliton data,80.0,0.7848,80g_20260519-205750.h5,soliton experiments\soliton exp 5_13\150 deg soliton data\80g_20260519-205750.h5,93.16951879479303,1820.2703277571204,2e-07
150.0,150 deg soliton data,80.0,0.7848,80g_20260519-205754.h5,soliton experiments\soliton exp 5_13\150 deg soliton data\80g_20260519-205754.h5,90.50866723500994,1841.7701954338036,2e-07
150.0,150 deg soliton data,80.0,0.7848,80g_20260519-205758.h5,soliton experiments\soliton exp 5_13\150 deg soliton data\80g_20260519-205758.h5,91.694256513603,1892.338621670539,2e-07
150.0,150 deg soliton data,80.0,0.7848,80g_20260519-205802.h5,soliton experiments\soliton exp 5_13\150 deg soliton data\80g_20260519-205802.h5,92.79627066792919,1842.4873377315218,2e-07
150.0,150 deg soliton data,80.0,0.7848,80g_20260519-205805.h5,soliton experiments\soliton exp 5_13\150 deg soliton data\80g_20260519-205805.h5,92.78275435146747,1836.0567341998758,2e-07
150.0,150 deg soliton data,80.0,0.7848,80g_20260519-205810.h5,soliton experiments\soliton exp 5_13\150 deg soliton data\80g_20260519-205810.h5,91.80658643799092,1815.7633582904618,2e-07
