angle_deg,angle_folder,mass_g,pretension_N,file,file_path,velocity_mps,peak_accel_mps2,fwhm_s1_s,fwhm_s2_s,dt_s
90.0,90 deg,200.0,1.9620000000000002,200g_20260620-161550.h5,soliton experiments\soliton exp 6_20 farther sensors\90 deg\200g_20260620-161550.h5,92.30251140453913,866.4117838928208,0.0005748506283375537,0.0006091848450210436,2e-07
90.0,90 deg,200.0,1.9620000000000002,200g_20260620-161555.h5,soliton experiments\soliton exp 6_20 farther sensors\90 deg\200g_20260620-161555.h5,92.39361773215201,869.5463359677381,0.000570286662931907,0.0006098141133630197,2e-07
90.0,90 deg,200.0,1.9620000000000002,200g_20260620-161558.h5,soliton experiments\soliton exp 6_20 farther sensors\90 deg\200g_20260620-161558.h5,92.56157813102405,937.3495979647788,0.0005531996369546166,0.0005941956561519258,2e-07
90.0,90 deg,200.0,1.9620000000000002,200g_20260620-161601.h5,soliton experiments\soliton exp 6_20 farther sensors\90 deg\200g_20260620-161601.h5,92.50318713687301,880.0369763556631,0.0005669216048466537,0.0006046999716779718,2e-07
90.0,90 deg,200.0,1.9620000000000002,200g_20260620-161605.h5,soliton experiments\soliton exp 6_20 farther sensors\90 deg\200g_20260620-161605.h5,92.40524915477486,876.5105497675527,0.000565775158655717,0.0006064508710687633,2e-07
90.0,90 deg,200.0,1.9620000000000002,200g_20260620-161608.h5,soliton experiments\soliton exp 6_20 farther sensors\90 deg\200g_20260620-161608.h5,91.91835802958431,727.9067404025377,0.0006012534665216774,0.0006282797925562921,2e-07
90.0,90 deg,200.0,1.9620000000000002,200g_20260620-161611.h5,soliton experiments\soliton exp 6_20 farther sensors\90 deg\200g_20260620-161611.h5,91.81160625812727,691.8670635230428,0.0005938515283029192,0.0006261244257196232,2e-07
90.0,90 deg,200.0,1.9620000000000002,200g_20260620-161613.h5,soliton experiments\soliton exp 6_20 farther sensors\90 deg\200g_20260620-161613.h5,92.24527005613938,862.568892139288,0.0005692248098672786,0.0006101972624695789,2e-07
90.0,90 deg,200.0,1.9620000000000002,200g_20260620-161616.h5,soliton experiments\soliton exp 6_20 farther sensors\90 deg\200g_20260620-161616.h5,92.20811296891604,847.9414727888756,0.0005721890304961009,0.0006101490162231586,2e-07
90.0,90 deg,200.0,1.9620000000000002,200g_20260620-161618.h5,soliton experiments\soliton exp 6_20 farther sensors\90 deg\200g_20260620-161618.h5,92.21588408942105,855.9044811701069,0.0005727850420443807,0.0006086608541414477,2e-07
135.0,135 deg,200.0,1.9620000000000002,200g_20260620-153736.h5,soliton experiments\soliton exp 6_20 farther sensors\135 deg\200g_20260620-153736.h5,92.90762687601054,1515.8621553543767,0.0005593539142066267,0.0005529406773579879,2e-07
135.0,135 deg,200.0,1.9620000000000002,200g_20260620-153743.h5,soliton experiments\soliton exp 6_20 farther sensors\135 deg\200g_20260620-153743.h5,92.87092335465056,1507.5154930729275,0.0005531393355079127,0.000549330344531287,2e-07
135.0,135 deg,200.0,1.9620000000000002,200g_20260620-153746.h5,soliton experiments\soliton exp 6_20 farther sensors\135 deg\200g_20260620-153746.h5,92.74586766458621,1449.507190256997,0.0005489910366448295,0.0005436676684381697,2e-07
135.0,135 deg,200.0,1.9620000000000002,200g_20260620-153750.h5,soliton experiments\soliton exp 6_20 farther sensors\135 deg\200g_20260620-153750.h5,92.78814041564857,1428.3811068560126,0.0005460414479444369,0.0005458146338066737,2e-07
135.0,135 deg,200.0,1.9620000000000002,200g_20260620-153753.h5,soliton experiments\soliton exp 6_20 farther sensors\135 deg\200g_20260620-153753.h5,92.72076745419955,1447.8341314809736,0.0005449085726398552,0.0005487971988372238,2e-07
135.0,135 deg,200.0,1.9620000000000002,200g_20260620-153757.h5,soliton experiments\soliton exp 6_20 farther sensors\135 deg\200g_20260620-153757.h5,92.62129420486635,1390.091617733219,0.0005423854893934714,0.0005503196380213893,2e-07
135.0,135 deg,200.0,1.9620000000000002,200g_20260620-153802.h5,soliton experiments\soliton exp 6_20 farther sensors\135 deg\200g_20260620-153802.h5,92.68365239436498,1433.6964885939253,0.0005468980687391372,0.0005494055284673647,2e-07
135.0,135 deg,200.0,1.9620000000000002,200g_20260620-153807.h5,soliton experiments\soliton exp 6_20 farther sensors\135 deg\200g_20260620-153807.h5,92.74345519413731,1413.1402697466935,0.0005432848477656607,0.0005430472749652559,2e-07
135.0,135 deg,200.0,1.9620000000000002,200g_20260620-153811.h5,soliton experiments\soliton exp 6_20 farther sensors\135 deg\200g_20260620-153811.h5,92.73813184732315,1397.483153522872,0.000545656514249822,0.0005429919510148134,2e-07
135.0,135 deg,200.0,1.9620000000000002,200g_20260620-153815.h5,soliton experiments\soliton exp 6_20 farther sensors\135 deg\200g_20260620-153815.h5,92.89796102210798,1455.101968205835,0.0005457614241434702,0.0005375634258881581,2e-07
135.0,135 deg,200.0,1.9620000000000002,200g_20260620-153819.h5,soliton experiments\soliton exp 6_20 farther sensors\135 deg\200g_20260620-153819.h5,92.88076833885641,1395.6745033724037,0.0005516900769196378,0.000545463874588,2e-07
135.0,135 deg,200.0,1.9620000000000002,200g_20260620-153823.h5,soliton experiments\soliton exp 6_20 farther sensors\135 deg\200g_20260620-153823.h5,92.78466107198301,1336.3593584258306,0.0005416962489728186,0.0005445701240748262,2e-07
135.0,135 deg,200.0,1.9620000000000002,200g_20260620-162316.h5,soliton experiments\soliton exp 6_20 farther sensors\135 deg\200g_20260620-162316.h5,98.10718831287207,902.1811699434572,0.000561369501669646,0.0006371345324673945,2e-07
135.0,135 deg,200.0,1.9620000000000002,200g_20260620-162338.h5,soliton experiments\soliton exp 6_20 farther sensors\135 deg\200g_20260620-162338.h5,94.15926439301084,1365.0652042671327,0.0005403781802193514,0.0005694094085833194,2e-07
135.0,135 deg,200.0,1.9620000000000002,200g_20260620-162342.h5,soliton experiments\soliton exp 6_20 farther sensors\135 deg\200g_20260620-162342.h5,94.19280861553236,1410.6346741914272,0.0005224194667454922,0.0005579720489530598,2e-07
135.0,135 deg,200.0,1.9620000000000002,200g_20260620-162345.h5,soliton experiments\soliton exp 6_20 farther sensors\135 deg\200g_20260620-162345.h5,93.25729179295391,1159.628150701536,0.0005247972341465162,0.0005730485458947483,2e-07
135.0,135 deg,200.0,1.9620000000000002,200g_20260620-162351.h5,soliton experiments\soliton exp 6_20 farther sensors\135 deg\200g_20260620-162351.h5,93.86975785916695,1320.9536915586295,0.0005304195655172385,0.0005632917696608247,2e-07
135.0,135 deg,200.0,1.9620000000000002,200g_20260620-162354.h5,soliton experiments\soliton exp 6_20 farther sensors\135 deg\200g_20260620-162354.h5,93.93011265815724,1340.4790780629946,0.0005063999855688713,0.0005569347849057496,2e-07
135.0,135 deg,200.0,1.9620000000000002,200g_20260620-162356.h5,soliton experiments\soliton exp 6_20 farther sensors\135 deg\200g_20260620-162356.h5,93.46762327475618,1358.3507211424524,0.0005283264864894869,0.0005564545820428883,2e-07
135.0,135 deg,200.0,1.9620000000000002,200g_20260620-162359.h5,soliton experiments\soliton exp 6_20 farther sensors\135 deg\200g_20260620-162359.h5,93.18538298152089,1493.0315916540558,0.0005431234794318537,0.0005492582980103108,2e-07
135.0,135 deg,200.0,1.9620000000000002,200g_20260620-162402.h5,soliton experiments\soliton exp 6_20 farther sensors\135 deg\200g_20260620-162402.h5,92.96096835310829,1388.8333125792728,0.0005440682820258253,0.0005506915674170542,2e-07
135.0,135 deg,200.0,1.9620000000000002,200g_20260620-162405.h5,soliton experiments\soliton exp 6_20 farther sensors\135 deg\200g_20260620-162405.h5,92.99373164915013,1404.2579691080166,0.0005445754524745928,0.0005527173265026048,2e-07
135.0,135 deg,200.0,1.9620000000000002,200g_20260620-162408.h5,soliton experiments\soliton exp 6_20 farther sensors\135 deg\200g_20260620-162408.h5,92.84007152127542,1389.0550128852676,0.0005476973943436896,0.0005502513257843039,2e-07
135.0,135 deg,200.0,1.9620000000000002,200g_20260620-162411.h5,soliton experiments\soliton exp 6_20 farther sensors\135 deg\200g_20260620-162411.h5,92.81167880283314,1378.0055662491618,0.0005484328064600604,0.0005524084198399153,2e-07
135.0,135 deg,200.0,1.9620000000000002,200g_20260620-162414.h5,soliton experiments\soliton exp 6_20 farther sensors\135 deg\200g_20260620-162414.h5,93.00902127817096,1494.4733795751995,0.0005474896257328243,0.0005523509390185978,2e-07
150.0,150 deg 4V,200.0,1.9620000000000002,200g_20260620-155645.h5,soliton experiments\soliton exp 6_20 farther sensors\150 deg 4V\200g_20260620-155645.h5,95.00371437246476,1913.2450775159496,0.0005422563049291826,0.0004774598596410228,2e-07
150.0,150 deg 4V,200.0,1.9620000000000002,200g_20260620-155658.h5,soliton experiments\soliton exp 6_20 farther sensors\150 deg 4V\200g_20260620-155658.h5,93.84440176076683,2011.1011186491369,0.00047203715183567383,0.0005203731095620905,2e-07
150.0,150 deg 4V,200.0,1.9620000000000002,200g_20260620-155702.h5,soliton experiments\soliton exp 6_20 farther sensors\150 deg 4V\200g_20260620-155702.h5,94.26370132220461,1862.7941802605085,0.0004951604316506214,0.000531163216389915,2e-07
150.0,150 deg 4V,200.0,1.9620000000000002,200g_20260620-155706.h5,soliton experiments\soliton exp 6_20 farther sensors\150 deg 4V\200g_20260620-155706.h5,94.77535727642743,1968.235445288463,0.0004924374650211437,0.0005310283329544897,2e-07
150.0,150 deg 4V,200.0,1.9620000000000002,200g_20260620-155710.h5,soliton experiments\soliton exp 6_20 farther sensors\150 deg 4V\200g_20260620-155710.h5,95.59974509734322,1834.097393829526,0.0005078814134270123,0.00048606942957803113,2e-07
150.0,150 deg 4V,200.0,1.9620000000000002,200g_20260620-155714.h5,soliton experiments\soliton exp 6_20 farther sensors\150 deg 4V\200g_20260620-155714.h5,93.84802368395847,1986.3169824219947,0.00051075032715547,0.0005304120893117885,2e-07
150.0,150 deg 4V,200.0,1.9620000000000002,200g_20260620-155718.h5,soliton experiments\soliton exp 6_20 farther sensors\150 deg 4V\200g_20260620-155718.h5,95.86707895336423,1651.5010060246743,0.0005079855821734348,0.0005243443184257779,2e-07
150.0,150 deg 4V,200.0,1.9620000000000002,200g_20260620-155722.h5,soliton experiments\soliton exp 6_20 farther sensors\150 deg 4V\200g_20260620-155722.h5,94.66329341609023,1880.388680437305,0.0005146870510085989,0.0005199527049146615,2e-07
150.0,150 deg 4V,200.0,1.9620000000000002,200g_20260620-155725.h5,soliton experiments\soliton exp 6_20 farther sensors\150 deg 4V\200g_20260620-155725.h5,94.55917966160395,1887.8416980263205,0.0005235344689377747,0.0005360132870559781,2e-07
150.0,150 deg 4V,200.0,1.9620000000000002,200g_20260620-155729.h5,soliton experiments\soliton exp 6_20 farther sensors\150 deg 4V\200g_20260620-155729.h5,94.46942185513392,1861.2543176368636,0.0004848592079805642,0.0005375805768474684,2e-07
150.0,150 deg 4V,200.0,1.9620000000000002,200g_20260620-155733.h5,soliton experiments\soliton exp 6_20 farther sensors\150 deg 4V\200g_20260620-155733.h5,95.86295870423665,1837.4111607680652,0.0005373753189658347,0.0004998835151275166,2e-07
150.0,150 deg 4V,200.0,1.9620000000000002,200g_20260620-155738.h5,soliton experiments\soliton exp 6_20 farther sensors\150 deg 4V\200g_20260620-155738.h5,93.59342576082831,1921.6383633570113,0.0005284786859634376,0.0005473762605344942,2e-07
150.0,150 deg 4V,200.0,1.9620000000000002,200g_20260620-155742.h5,soliton experiments\soliton exp 6_20 farther sensors\150 deg 4V\200g_20260620-155742.h5,93.92177040354935,1874.080357191327,0.0005264623540486644,0.0005409330395597187,2e-07
